<?xml version="1.0" encoding="UTF-8"?>
<project-private xmlns="http://www.netbeans.org/ns/project-private/1">
    <editor-bookmarks xmlns="http://www.netbeans.org/ns/editor-bookmarks/2" lastBookmarkId="0"/>
    <open-files xmlns="http://www.netbeans.org/ns/projectui-open-files/2">
        <group>
            <file>file:/Users/andrew/NetBeansProjects/FITNESSAPPLICATION/src/java/fitness/Users.java</file>
            <file>file:/Users/andrew/NetBeansProjects/FITNESSAPPLICATION/src/java/fitness/Consumption.java</file>
            <file>file:/Users/andrew/NetBeansProjects/FITNESSAPPLICATION/src/java/fitness/service/ReportFacadeREST.java</file>
        </group>
    </open-files>
</project-private>
